{"episode_rewards": [-470.0000000000005, -466.95000000000005, -477.15, -492.95, -493.7, -472.7, -481.05, -488.2000000000001, -418.1500000000008, -474.79999999999995, -455.2500000000002, -473.09999999999997, -468.59999999999997, -471.74999999999994, -489.05, -493.65, -492.75, -460.0000000000001, -476.20000000000016, -479.05, -465.50000000000017, -480.05, -497.75, -467.69999999999993, -444.5, -466.4, -453.0, -492.75, -468.59999999999997, -474.59999999999997, -475.3, -471.9, -480.7000000000002, -450.7500000000003, -479.25, -471.75000000000057, -494.6, -485.24999999999994, -453.0, -469.65000000000003, -502.75, -533.9500000000004, -467.4, -390.8500000000003, -416.05000000000047, -467.7, -464.75, -461.75000000000017, -420.25000000000074, -449.35000000000065, -495.45000000000005, -506.35000000000014, -484.59999999999997, -499.29999999999995, -474.79999999999995, -465.15, -469.24999999999994, -481.5000000000001, -465.5, -485.3, -469.99999999999994, -460.85, -457.25, -480.8, -444.2500000000009, -517.0, -443.5500000000011, -467.2, -427.70000000000044, -517.1500000000001, -488.49999999999994, -512.2499999999999, -518.3999999999999, -467.2, -378.1500000000003, -486.15, -425.95000000000033, -438.3000000000003, -422.45000000000056, -414.10000000000093, -466.29999999999995, -439.80000000000064, -463.7000000000009, -464.15, -469.9500000000005, -407.4000000000009, -434.00000000000034, -433.35000000000076, -433.1000000000003, -400.00000000000074, -463.5, -445.8500000000006, -359.00000000000006, -469.4000000000002, -407.3000000000004, -495.30000000000007, -418.5000000000006, -460.7000000000001, -475.34999999999997, -460.9000000000003, -410.6500000000009], "episode_scores": [134, 101, 28, 66, 11, 29, 24, 84, 123, 29, 88, 38, 31, 46, 15, 136, 20, 76, 74, 20, 93, 70, 53, 43, 52, 37, 52, 29, 47, 27, 110, 25, 67, 82, 25, 143, 14, 80, 56, 110, 67, 153, 40, 158, 130, 37, 100, 99, 166, 162, 107, 124, 33, 65, 46, 92, 34, 71, 35, 29, 32, 48, 47, 117, 146, 124, 165, 36, 120, 142, 150, 98, 173, 37, 135, 28, 115, 106, 142, 168, 36, 147, 168, 41, 171, 133, 100, 150, 106, 132, 36, 159, 154, 121, 117, 189, 156, 162, 24, 110, 166], "episode_steps": [274, 213, 43, 145, 22, 48, 37, 184, 237, 52, 151, 74, 50, 89, 33, 231, 51, 122, 154, 33, 180, 141, 103, 108, 102, 52, 82, 75, 98, 46, 196, 34, 128, 115, 51, 269, 32, 169, 116, 183, 147, 385, 66, 273, 217, 52, 217, 169, 281, 303, 251, 303, 68, 136, 86, 181, 53, 142, 48, 60, 52, 79, 67, 222, 273, 232, 315, 52, 178, 277, 302, 201, 368, 62, 171, 61, 149, 144, 199, 296, 66, 238, 320, 59, 309, 260, 152, 259, 176, 234, 64, 281, 192, 216, 162, 392, 226, 262, 29, 162, 297], "episode_wins": [0, 0, 0, 0, 0, 0, 0, 0, 0, 0, 0, 0, 0, 0, 0, 0, 0, 0, 0, 0, 0, 0, 0, 0, 0, 0, 0, 0, 0, 0, 0, 0, 0, 0, 0, 0, 0, 0, 0, 0, 0, 0, 0, 0, 0, 0, 0, 0, 0, 0, 0, 0, 0, 0, 0, 0, 0, 0, 0, 0, 0, 0, 0, 0, 0, 0, 0, 0, 0, 0, 0, 0, 0, 0, 0, 0, 0, 0, 0, 0, 0, 0, 0, 0, 0, 0, 0, 0, 0, 0, 0, 0, 0, 0, 0, 0, 0, 0, 0, 0, 0], "losses": [0.5445009301906514, 1.874879424630756, 2.582000896334648, 2.8821204070387214, 2.9124728962779045, 3.977346350749334, 3.749241184543919, 4.55197572586653, 3.937476506401718, 4.0502929747677765, 3.9607004784787727, 4.493947351301038, 5.095338224768638, 5.4833560361621085, 5.762689734047109, 4.61222157940204, 5.531914650225172, 4.642839167450295, 4.66163701747919, 3.875307781226707, 4.471164870758852, 4.741828449228977, 3.3486825725407274, 4.52288698984517, 4.203484630760024, 3.651482769503043, 4.618394629620925, 4.911058891216914, 4.7657376856220015, 4.89449355200581, 3.6507671343124644, 3.6055192325045082, 5.106655195588246, 4.476172379307125, 4.678488706256829, 4.356814978623479, 4.421593870967627, 4.245311420344742, 4.058820748380546, 4.245239008645543, 4.682695361018991, 4.371031409811664, 3.957686311819337, 4.661269509748662, 4.0489622722573, 3.2777395156713633, 4.302454237152355, 4.339104413633516, 4.091438757461161, 3.863626300501745, 4.241142269505922, 4.426360005396034, 3.727381838595166, 4.247991483001148, 4.878519076247548, 4.038726935070523, 4.469421552037293, 4.369841129846976, 4.247730960448583, 4.925046769777934, 4.07103853730055, 4.682226227808602, 3.807297845384968, 4.253039272116111, 4.335512475216345, 4.104652974369197, 4.4755248282636915, 4.851017229832136, 3.850865617561876, 4.48725964855201, 3.9254669795762624, 4.27839514865211, 4.354958270231019, 3.7205440190530594, 3.776058978504605, 4.5385994705997526, 4.521246421657152, 4.440737466431326, 4.278405229649951, 4.107413029348528, 4.88046222744566, 4.45199529112888, 4.577226757444441, 4.76729178933774, 4.466443815856304, 4.2937527468571295, 3.9279163475883636, 4.403441677912782, 3.7066472067751666, 3.978636380189504, 5.17301416490227, 4.186243504603986, 3.851040500526627, 3.930002584087628, 3.7944029220092443, 3.741118126453794, 3.7732730979940534, 3.7426707988021937, 3.4886889046636123, 3.439258091611627, 3.9947469708092687]}