{"episode_rewards": [-400.1500000000007, -361.40000000000003, -340.19999999999976, -483.15, -356.89999999999986, -364.0, -409.3000000000003, -346.5499999999998, -365.8000000000001, -405.4500000000009, -357.30000000000007, -340.8499999999998, -348.84999999999985, -361.85, -430.1500000000008, -425.8000000000006, -424.4000000000005, -355.2999999999999, -352.79999999999995, -354.69999999999993, -411.9500000000003, -357.1, -347.4999999999998, -400.4000000000006, -404.3500000000004, -392.00000000000017, -445.25000000000006, -414.30000000000064, -401.7000000000005, -413.0000000000006, -421.6500000000007, -462.35, -404.65000000000026, -400.50000000000057, -598.9000000000005, -383.6, -343.34999999999974, -491.7500000000005, -390.2, -462.05000000000047, -409.85000000000036, -384.85000000000014, -426.2500000000003, -410.30000000000086, -405.2500000000007, -461.6, -443.70000000000067, -367.2, -354.65, -358.95000000000016, -429.3000000000005, -388.05000000000047, -361.20000000000005, -446.5500000000005, -352.0999999999999, -362.45000000000005, -354.49999999999994, -430.6000000000005, -403.45000000000033, -417.7500000000008, -362.20000000000005, -407.6500000000007, -401.5500000000006, -391.3500000000006, -367.90000000000026, -369.9000000000001, -402.1500000000009, -356.6500000000001, -363.75000000000006, -369.65000000000026, -406.85000000000036, -413.9500000000004, -354.04999999999995, -417.10000000000076, -338.84999999999974, -375.2500000000001, -373.4500000000001, -448.6500000000007, -429.1000000000007, -491.2, -506.30000000000024, -392.9500000000004, -349.5999999999999, -372.5500000000002, -446.95000000000044, -404.6500000000006, -431.1000000000007, -414.45000000000095, -391.90000000000055, -395.50000000000034, -428.55000000000075, -418.5000000000008, -357.85000000000025, -398.8500000000003, -370.35000000000014, -344.54999999999995, -370.3000000000002, -367.00000000000006, -356.20000000000005, -437.4000000000003, -407.7000000000006], "episode_scores": [169, 170, 162, 20, 157, 163, 158, 157, 166, 170, 155, 168, 170, 164, 144, 169, 157, 155, 170, 162, 118, 169, 161, 173, 149, 120, 64, 162, 164, 158, 168, 29, 158, 126, 143, 128, 166, 140, 162, 126, 151, 129, 149, 161, 175, 130, 155, 164, 163, 164, 157, 134, 149, 172, 170, 149, 168, 96, 113, 119, 156, 163, 167, 147, 168, 180, 169, 158, 170, 165, 159, 155, 149, 160, 167, 148, 156, 143, 150, 17, 120, 172, 167, 155, 151, 157, 147, 170, 155, 162, 149, 154, 169, 129, 169, 169, 167, 153, 165, 95, 159], "episode_steps": [243, 254, 184, 39, 180, 222, 224, 175, 248, 243, 200, 201, 227, 229, 211, 272, 250, 184, 240, 202, 159, 246, 186, 268, 251, 134, 93, 258, 248, 252, 313, 39, 223, 180, 422, 140, 199, 235, 204, 235, 197, 145, 225, 238, 303, 238, 298, 248, 213, 243, 256, 179, 178, 313, 232, 183, 222, 146, 147, 217, 206, 243, 241, 253, 270, 294, 261, 203, 253, 249, 219, 231, 177, 232, 193, 199, 219, 265, 252, 52, 252, 227, 228, 225, 279, 205, 242, 273, 268, 198, 227, 242, 281, 171, 269, 237, 276, 212, 226, 132, 238], "episode_wins": [0, 0, 0, 0, 0, 0, 0, 0, 0, 0, 0, 0, 0, 0, 0, 0, 0, 0, 0, 0, 0, 0, 0, 0, 0, 0, 0, 0, 0, 0, 0, 0, 0, 0, 0, 0, 0, 0, 0, 0, 0, 0, 0, 0, 0, 0, 0, 0, 0, 0, 0, 0, 0, 0, 0, 0, 0, 0, 0, 0, 0, 0, 0, 0, 0, 0, 0, 0, 0, 0, 0, 0, 0, 0, 0, 0, 0, 0, 0, 0, 0, 0, 0, 0, 0, 0, 0, 0, 0, 0, 0, 0, 0, 0, 0, 0, 0, 0, 0, 0, 0], "losses": [0.5402377975690696, 1.8818691227379747, 1.730876652483383, 2.6399223456780114, 2.9995618970857727, 2.5493773725387214, 2.8730568160702075, 2.220240945305143, 2.368294509428163, 2.516751284768552, 2.442369606681168, 2.5258863984945403, 2.526915753465392, 2.3456537510109783, 2.816816014136183, 2.2631669532617225, 2.424570448875427, 2.830491899877139, 2.241395770944655, 2.7027566826136984, 2.492614585461107, 3.2489924289104417, 2.6120667175580095, 2.8992839809229123, 2.6698255483135283, 2.8899882869489155, 2.306628170833793, 2.8327531782231588, 2.5945138070852525, 2.207877886082445, 2.750743639450104, 3.328851790000231, 3.0339059935289647, 3.285199164516396, 2.5237420021922667, 2.3782243158136094, 2.959692472264395, 3.1397030154441263, 2.7633741778485916, 3.0340180405910977, 2.8438743234890973, 3.566029014875149, 2.9043127081129287, 3.0440171880631888, 3.3059648940272064, 2.90583688947333, 3.1701007860418935, 2.812107050490956, 2.8236761705976137, 2.9616251909193188, 3.055066367611289, 2.957349352330469, 3.0002831208906815, 3.1679443411362436, 2.752839444140936, 3.468483253743479, 3.130897537008062, 3.489337760087562, 2.960272178155224, 3.1950494213038327, 3.0834095621282613, 2.9016763018482505, 3.3991180089499444, 3.0523642816326837, 3.3804436631776666, 3.4469147325575755, 2.9639294920524875, 2.915742921418157, 3.6903586915359194, 3.415872935430113, 3.0661466099900196, 3.056327999928297, 3.335643186407574, 3.18977451016163, 2.8990247958373527, 2.4860666648826406, 2.9061196918629078, 3.14725666147358, 3.2593671897101024, 3.2860213638498235, 3.165074817481495, 3.01531297795573, 3.0974010167676105, 3.2364298155572677, 2.656473688434102, 2.9281914687738184, 2.9709547271659553, 2.888470796438364, 2.7899976645165414, 3.3001203597194015, 2.8832029622819455, 2.78302856590137, 3.4766609651762397, 3.1200627187887826, 2.8473772098583803, 2.8448585308302303, 2.8073891075193016, 3.1658526366611697, 2.932667647974681, 3.673667909069495, 3.047117851486727]}